[
  {
    "model": "blog.user",
    "pk": 1,
    "fields": {
      "first_name": "Amy",
      "last_name": "Turner",
      "birth_date": "2017-12-04",
      "email": "garrettronnie@example.org",
      "country": "SG"
    }
  },
  {
    "model": "blog.user",
    "pk": 2,
    "fields": {
      "first_name": "Holly",
      "last_name": "Evans",
      "birth_date": "1922-11-07",
      "email": "alex71@example.net",
      "country": "CY"
    }
  },
  {
    "model": "blog.user",
    "pk": 3,
    "fields": {
      "first_name": "Joseph",
      "last_name": "Cook",
      "birth_date": "2023-09-22",
      "email": "sarareed@example.net",
      "country": "PY"
    }
  },
  {
    "model": "blog.user",
    "pk": 4,
    "fields": {
      "first_name": "Stephen",
      "last_name": "Ryan",
      "birth_date": "1910-06-14",
      "email": "carlosprice@example.com",
      "country": "BF"
    }
  },
  {
    "model": "blog.user",
    "pk": 5,
    "fields": {
      "first_name": "Shannon",
      "last_name": "Wallace",
      "birth_date": "1914-04-08",
      "email": "ocruz@example.com",
      "country": "BZ"
    }
  },
  {
    "model": "blog.user",
    "pk": 6,
    "fields": {
      "first_name": "Lance",
      "last_name": "Martinez",
      "birth_date": "1942-08-20",
      "email": "johnsoncody@example.org",
      "country": "GH"
    }
  },
  {
    "model": "blog.user",
    "pk": 7,
    "fields": {
      "first_name": "Jeffrey",
      "last_name": "Allen",
      "birth_date": "2022-04-26",
      "email": "justinpowell@example.com",
      "country": "BD"
    }
  },
  {
    "model": "blog.user",
    "pk": 8,
    "fields": {
      "first_name": "Anna",
      "last_name": "Watson",
      "birth_date": "1972-12-12",
      "email": "rachelrodgers@example.net",
      "country": "SL"
    }
  },
  {
    "model": "blog.user",
    "pk": 9,
    "fields": {
      "first_name": "Jack",
      "last_name": "Kirk",
      "birth_date": "1927-08-05",
      "email": "mark08@example.com",
      "country": "CN"
    }
  },
  {
    "model": "blog.user",
    "pk": 10,
    "fields": {
      "first_name": "Patty",
      "last_name": "Paul",
      "birth_date": "1989-03-16",
      "email": "lisa25@example.com",
      "country": "PT"
    }
  },
  {
    "model": "blog.post",
    "pk": 1,
    "fields": {
      "title": "Customer-focused radical open architecture",
      "text": "Despite film until.",
      "user": 5
    }
  },
  {
    "model": "blog.post",
    "pk": 2,
    "fields": {
      "title": "Exclusive 6thgeneration infrastructure",
      "text": "Yes us suffer might.",
      "user": 10
    }
  },
  {
    "model": "blog.post",
    "pk": 3,
    "fields": {
      "title": "Assimilated stable data-warehouse",
      "text": "Sometimes rule.",
      "user": 10
    }
  },
  {
    "model": "blog.post",
    "pk": 4,
    "fields": {
      "title": "Up-sized encompassing archive",
      "text": "Audience fear.",
      "user": 3
    }
  },
  {
    "model": "blog.post",
    "pk": 5,
    "fields": {
      "title": "Innovative zero-defect ability",
      "text": "So maintain key.",
      "user": 2
    }
  },
  {
    "model": "blog.post",
    "pk": 6,
    "fields": {
      "title": "Right-sized next generation algorithm",
      "text": "The black effect at.",
      "user": 8
    }
  },
  {
    "model": "blog.post",
    "pk": 7,
    "fields": {
      "title": "Intuitive leadingedge model",
      "text": "Party activity.",
      "user": 3
    }
  },
  {
    "model": "blog.post",
    "pk": 8,
    "fields": {
      "title": "Networked transitional attitude",
      "text": "Instead want lot.",
      "user": 8
    }
  },
  {
    "model": "blog.post",
    "pk": 9,
    "fields": {
      "title": "Balanced intermediate help-desk",
      "text": "Step dinner.",
      "user": 4
    }
  },
  {
    "model": "blog.post",
    "pk": 10,
    "fields": {
      "title": "Pre-emptive incremental matrix",
      "text": "Doctor water fine.",
      "user": 4
    }
  },
  {
    "model": "blog.post",
    "pk": 11,
    "fields": {
      "title": "Inverse multi-tasking emulation",
      "text": "Debate suggest.",
      "user": 10
    }
  },
  {
    "model": "blog.post",
    "pk": 12,
    "fields": {
      "title": "Reverse-engineered regional database",
      "text": "Sense hard catch.",
      "user": 2
    }
  },
  {
    "model": "blog.post",
    "pk": 13,
    "fields": {
      "title": "Down-sized interactive circuit",
      "text": "May represent kind.",
      "user": 3
    }
  },
  {
    "model": "blog.post",
    "pk": 14,
    "fields": {
      "title": "Networked responsive time-frame",
      "text": "Special anyone film.",
      "user": 10
    }
  },
  {
    "model": "blog.post",
    "pk": 15,
    "fields": {
      "title": "Customizable grid-enabled matrix",
      "text": "Hot myself million.",
      "user": 3
    }
  },
  {
    "model": "blog.post",
    "pk": 16,
    "fields": {
      "title": "Monitored asynchronous model",
      "text": "Industry movie.",
      "user": 2
    }
  },
  {
    "model": "blog.post",
    "pk": 17,
    "fields": {
      "title": "Public-key bandwidth-monitored intranet",
      "text": "Shake standard war.",
      "user": 2
    }
  },
  {
    "model": "blog.post",
    "pk": 18,
    "fields": {
      "title": "Profound intermediate leverage",
      "text": "Identify tell.",
      "user": 4
    }
  },
  {
    "model": "blog.post",
    "pk": 19,
    "fields": {
      "title": "Networked scalable customer loyalty",
      "text": "Far image order.",
      "user": 3
    }
  },
  {
    "model": "blog.post",
    "pk": 20,
    "fields": {
      "title": "Programmable zero-defect toolset",
      "text": "Recognize star when.",
      "user": 9
    }
  },
  {
    "model": "blog.category",
    "pk": 1,
    "fields": {
      "name": "decide",
      "post": 2
    }
  },
  {
    "model": "blog.category",
    "pk": 2,
    "fields": {
      "name": "air",
      "post": 4
    }
  },
  {
    "model": "blog.category",
    "pk": 3,
    "fields": {
      "name": "ball",
      "post": 17
    }
  },
  {
    "model": "blog.category",
    "pk": 4,
    "fields": {
      "name": "term",
      "post": 12
    }
  },
  {
    "model": "blog.category",
    "pk": 5,
    "fields": {
      "name": "drive",
      "post": 4
    }
  },
  {
    "model": "blog.tag",
    "pk": 1,
    "fields": {
      "name": "kitchen"
    }
  },
  {
    "model": "blog.tag",
    "pk": 2,
    "fields": {
      "name": "identify"
    }
  },
  {
    "model": "blog.tag",
    "pk": 3,
    "fields": {
      "name": "study"
    }
  },
  {
    "model": "blog.tag",
    "pk": 4,
    "fields": {
      "name": "create"
    }
  },
  {
    "model": "blog.tag",
    "pk": 5,
    "fields": {
      "name": "affect"
    }
  },
  {
    "model": "blog.tag",
    "pk": 6,
    "fields": {
      "name": "clearly"
    }
  },
  {
    "model": "blog.tag",
    "pk": 7,
    "fields": {
      "name": "skin"
    }
  },
  {
    "model": "blog.tag",
    "pk": 8,
    "fields": {
      "name": "outside"
    }
  },
  {
    "model": "blog.tag",
    "pk": 9,
    "fields": {
      "name": "property"
    }
  },
  {
    "model": "blog.tag",
    "pk": 10,
    "fields": {
      "name": "couple"
    }
  },
  {
    "model": "blog.tag",
    "pk": 11,
    "fields": {
      "name": "free"
    }
  },
  {
    "model": "blog.tag",
    "pk": 12,
    "fields": {
      "name": "chair"
    }
  },
  {
    "model": "blog.tag",
    "pk": 13,
    "fields": {
      "name": "reduce"
    }
  },
  {
    "model": "blog.tag",
    "pk": 14,
    "fields": {
      "name": "mind"
    }
  },
  {
    "model": "blog.tag",
    "pk": 15,
    "fields": {
      "name": "week"
    }
  },
  {
    "model": "blog.image",
    "pk": 1,
    "fields": {
      "image_file": "/concern/write/actually.tiff",
      "post": 20,
      "alter_text": "Sell player production employee finally land."
    }
  },
  {
    "model": "blog.image",
    "pk": 2,
    "fields": {
      "image_file": "/store/push/cell.webp",
      "post": 7,
      "alter_text": "Production safe training difference."
    }
  },
  {
    "model": "blog.image",
    "pk": 3,
    "fields": {
      "image_file": "/standard/easy/begin.webp",
      "post": 6,
      "alter_text": "Several once hundred forward."
    }
  },
  {
    "model": "blog.image",
    "pk": 4,
    "fields": {
      "image_file": "/from/water/truth.tiff",
      "post": 10,
      "alter_text": "Thus project ground family standard."
    }
  },
  {
    "model": "blog.image",
    "pk": 5,
    "fields": {
      "image_file": "/doctor/understand/take.jpg",
      "post": 15,
      "alter_text": "Report instead miss pressure."
    }
  },
  {
    "model": "blog.image",
    "pk": 6,
    "fields": {
      "image_file": "/else/effort/forward.jpg",
      "post": 17,
      "alter_text": "Table instead participant bill."
    }
  },
  {
    "model": "blog.image",
    "pk": 7,
    "fields": {
      "image_file": "/available/two/among.png",
      "post": 15,
      "alter_text": "Friend outside school."
    }
  },
  {
    "model": "blog.image",
    "pk": 8,
    "fields": {
      "image_file": "/environmental/subject/truth.tiff",
      "post": 2,
      "alter_text": "Rule whose writer cold."
    }
  },
  {
    "model": "blog.image",
    "pk": 9,
    "fields": {
      "image_file": "/join/understand/despite.tiff",
      "post": 6,
      "alter_text": "Develop sure light goal."
    }
  },
  {
    "model": "blog.image",
    "pk": 10,
    "fields": {
      "image_file": "/send/kid/truth.jpg",
      "post": 4,
      "alter_text": "Congress help doctor."
    }
  },
  {
    "model": "blog.comment",
    "pk": 1,
    "fields": {
      "text": "Else six or use hot though market.",
      "post": 14,
      "user": 1
    }
  },
  {
    "model": "blog.comment",
    "pk": 2,
    "fields": {
      "text": "Majority baby effort compare stuff hand.",
      "post": 5,
      "user": 6
    }
  },
  {
    "model": "blog.comment",
    "pk": 3,
    "fields": {
      "text": "Attack give officer strong team miss.",
      "post": 11,
      "user": 5
    }
  },
  {
    "model": "blog.comment",
    "pk": 4,
    "fields": {
      "text": "Early present though later. By degree bank while.",
      "post": 19,
      "user": 7
    }
  },
  {
    "model": "blog.comment",
    "pk": 5,
    "fields": {
      "text": "Before back true half.",
      "post": 10,
      "user": 2
    }
  },
  {
    "model": "blog.like",
    "pk": 1,
    "fields": {
      "user": 10,
      "post": 14
    }
  },
  {
    "model": "blog.like",
    "pk": 2,
    "fields": {
      "user": 8,
      "post": 2
    }
  },
  {
    "model": "blog.like",
    "pk": 3,
    "fields": {
      "user": 9,
      "post": 6
    }
  },
  {
    "model": "blog.like",
    "pk": 4,
    "fields": {
      "user": 8,
      "post": 2
    }
  },
  {
    "model": "blog.like",
    "pk": 5,
    "fields": {
      "user": 2,
      "post": 17
    }
  },
  {
    "model": "blog.follow",
    "pk": 1,
    "fields": {
      "follower": 8,
      "following": 1
    }
  },
  {
    "model": "blog.follow",
    "pk": 2,
    "fields": {
      "follower": 10,
      "following": 3
    }
  },
  {
    "model": "blog.follow",
    "pk": 3,
    "fields": {
      "follower": 4,
      "following": 3
    }
  },
  {
    "model": "blog.follow",
    "pk": 4,
    "fields": {
      "follower": 10,
      "following": 3
    }
  },
  {
    "model": "blog.follow",
    "pk": 5,
    "fields": {
      "follower": 9,
      "following": 4
    }
  },
  {
    "model": "blog.follow",
    "pk": 6,
    "fields": {
      "follower": 1,
      "following": 9
    }
  },
  {
    "model": "blog.follow",
    "pk": 7,
    "fields": {
      "follower": 6,
      "following": 1
    }
  },
  {
    "model": "blog.follow",
    "pk": 8,
    "fields": {
      "follower": 5,
      "following": 3
    }
  },
  {
    "model": "blog.follow",
    "pk": 9,
    "fields": {
      "follower": 6,
      "following": 7
    }
  },
  {
    "model": "blog.follow",
    "pk": 10,
    "fields": {
      "follower": 8,
      "following": 3
    }
  },
  {
    "model": "blog.notification",
    "pk": 1,
    "fields": {
      "user": 2,
      "notification_type": "User-centric tangible project",
      "post": 19
    }
  },
  {
    "model": "blog.notification",
    "pk": 2,
    "fields": {
      "user": 2,
      "notification_type": "Quality-focused tertiary throughput",
      "post": 16
    }
  },
  {
    "model": "blog.notification",
    "pk": 3,
    "fields": {
      "user": 2,
      "notification_type": "Quality-focused bottom-line workforce",
      "post": 8
    }
  },
  {
    "model": "blog.notification",
    "pk": 4,
    "fields": {
      "user": 2,
      "notification_type": "Realigned content-based Graphical User Interface",
      "post": 10
    }
  },
  {
    "model": "blog.notification",
    "pk": 5,
    "fields": {
      "user": 4,
      "notification_type": "Implemented secondary implementation",
      "post": 18
    }
  },
  {
    "model": "blog.notification",
    "pk": 6,
    "fields": {
      "user": 10,
      "notification_type": "Secured asymmetric policy",
      "post": 3
    }
  },
  {
    "model": "blog.notification",
    "pk": 7,
    "fields": {
      "user": 10,
      "notification_type": "Down-sized empowering process improvement",
      "post": 4
    }
  },
  {
    "model": "blog.notification",
    "pk": 8,
    "fields": {
      "user": 5,
      "notification_type": "Re-engineered 24/7 Local Area Network",
      "post": 17
    }
  },
  {
    "model": "blog.notification",
    "pk": 9,
    "fields": {
      "user": 1,
      "notification_type": "Versatile eco-centric encoding",
      "post": 4
    }
  },
  {
    "model": "blog.notification",
    "pk": 10,
    "fields": {
      "user": 5,
      "notification_type": "Persevering national knowledge user",
      "post": 3
    }
  },
  {
    "model": "blog.notification",
    "pk": 11,
    "fields": {
      "user": 3,
      "notification_type": "Cross-group multimedia benchmark",
      "post": 20
    }
  },
  {
    "model": "blog.notification",
    "pk": 12,
    "fields": {
      "user": 9,
      "notification_type": "Enhanced client-server access",
      "post": 2
    }
  },
  {
    "model": "blog.notification",
    "pk": 13,
    "fields": {
      "user": 4,
      "notification_type": "Proactive methodical productivity",
      "post": 6
    }
  },
  {
    "model": "blog.notification",
    "pk": 14,
    "fields": {
      "user": 7,
      "notification_type": "Mandatory multimedia productivity",
      "post": 6
    }
  },
  {
    "model": "blog.notification",
    "pk": 15,
    "fields": {
      "user": 5,
      "notification_type": "Open-architected disintermediate website",
      "post": 11
    }
  },
  {
    "model": "blog.posttag",
    "pk": 1,
    "fields": {
      "post": 20,
      "tag": 11
    }
  },
  {
    "model": "blog.posttag",
    "pk": 2,
    "fields": {
      "post": 12,
      "tag": 5
    }
  },
  {
    "model": "blog.posttag",
    "pk": 3,
    "fields": {
      "post": 2,
      "tag": 13
    }
  },
  {
    "model": "blog.posttag",
    "pk": 4,
    "fields": {
      "post": 19,
      "tag": 9
    }
  },
  {
    "model": "blog.usertag",
    "pk": 1,
    "fields": {
      "user": 7,
      "tag": 2
    }
  },
  {
    "model": "blog.usertag",
    "pk": 2,
    "fields": {
      "user": 4,
      "tag": 5
    }
  },
  {
    "model": "blog.usertag",
    "pk": 3,
    "fields": {
      "user": 5,
      "tag": 4
    }
  },
  {
    "model": "blog.usertag",
    "pk": 4,
    "fields": {
      "user": 5,
      "tag": 13
    }
  },
  {
    "model": "blog.usertag",
    "pk": 5,
    "fields": {
      "user": 6,
      "tag": 13
    }
  },
  {
    "model": "blog.usertag",
    "pk": 6,
    "fields": {
      "user": 4,
      "tag": 9
    }
  },
  {
    "model": "blog.usertag",
    "pk": 7,
    "fields": {
      "user": 3,
      "tag": 10
    }
  }
]